{
    "total_samples": 3355,
    "accuracy": 0.9490312965722801,
    "precision": 0.9494095174305339,
    "recall": 0.9490312965722801,
    "f1_score": 0.9486373562905818
}